SET
REFERENTIAL_INTEGRITY FALSE;

TRUNCATE TABLE USER;
ALTER TABLE USER
    ALTER COLUMN ID RESTART WITH 1;

TRUNCATE TABLE FLAG;
ALTER TABLE FLAG
    ALTER COLUMN ID RESTART WITH 1;

TRUNCATE TABLE FLAG_BAKERY;
ALTER TABLE FLAG_BAKERY
    ALTER COLUMN ID RESTART WITH 1;

TRUNCATE TABLE bakery;
ALTER TABLE bakery
    ALTER COLUMN ID RESTART WITH 1;

TRUNCATE TABLE review;
ALTER TABLE review
    ALTER COLUMN ID RESTART WITH 1;


insert into USER (id, created_at, modified_at, role_type, is_block, is_marketing_info_reception_agreed, is_alarm_on, oauth_type, oauth_id, nick_name, email, gender, image)values
(111,  '2023-01-01', '2023-01-01', 'USER', false,  true, false, 'APPLE', 'APPLE_111', 'nick_name', 'test@apple.com' , 'MALE', 'image'),
(112,  '2023-01-01', '2023-01-01', 'USER', false,  true, false, 'APPLE', 'APPLE_222', 'nick_name222', 'test@apple.com' , 'MALE', 'image')
;


insert into FLAG (id, created_at, modified_at, color, name, user_id )values
(100,  '2023-01-01', '2023-01-01', 'YELLOW', '가고싶어요', 111),
(111,  '2023-01-01', '2023-01-01', 'YELLOW', '가즈아', 111),
(112,  '2023-01-02', '2023-01-01', 'CYAN', 'flag1', 111),
(113,  '2023-01-03', '2023-01-01', 'PINK', 'flag2', 112)
;

insert into FLAG_BAKERY (id, created_at, modified_at, bakery_id, flag_id, user_id )values
(111,  '2023-01-01', '2023-01-01', 100, 111, 111),
(112,  '2023-01-02', '2023-01-01', 200, 112, 111),
(113,  '2023-02-01', '2023-01-01', 600, 112, 111),
(114,  '2023-01-03', '2023-01-01', 300, 113, 112),
(115,  '2023-01-03', '2023-01-01', 400, 113, 112),
(116,  '2023-01-03', '2023-01-01', 500, 113, 112)
;

insert into bakery (id, created_at, modified_at, address, blogurl, facebookurl, instagramurl, websiteurl, facility_info_list, hours, image, latitude, longitude, name, phone_number, status, pioneer_id, owner_id, detailed_address)values
(100, '2023-04-05 15:00:00', '2023-04-05 15:00:00', '서울특별시 중랑구 동일로 778', null, null, null, null, null, '정보 없음', 'https://d2a72lvyl71dvx.cloudfront.net/defaultImage/defaultBakery4.png', 37.5999492, 127.08009, '케이크하우스밀레 중화점', '02-433-8039', 'POSTING', null, null, null),
(200, '2023-04-05 15:00:00', '2023-04-05 15:00:00', '서울 중랑구 면목로44라길 20 1층 빵꽃빵꽃', null, null, 'https://www.instagram.com/bbangkkot_bakery', null, 'DELIVERY,WIFI,PARKING,BOOKING', '-매주 월요일, 화요일 정기휴무 매일 11:00 - 18:00', 'https://d2a72lvyl71dvx.cloudfront.net/defaultImage/defaultBakery4.png', 37.5818039, 127.09167, '빵꽃빵꽃', '0507-1372-1808', 'POSTING', null, null, null),
(300, '2023-04-05 15:00:00', '2023-04-05 15:00:00', '서울특별시 송파구 송파대로 111, 114호', null, null, null, null, 'WIFI,PARKING', '매일 09:00 - 22:00', 'https://d2a72lvyl71dvx.cloudfront.net/defaultImage/defaultBakery3.png', 37.4796867, 127.124978, '외계인방앗간 문정점', '02-430-5989', 'POSTING', null, null, null),
(500, '2023-04-05 15:00:00', '2023-04-05 15:00:00', '서울특별시 중랑구 동일로163길 37, 홍주빌딩 1층 1호', null, null, null, null, null, '매일 09:00 - 22:00 -매주 일요일 정기휴무', 'https://d2a72lvyl71dvx.cloudfront.net/defaultImage/defaultBakery8.png', 37.611713, 127.075079, '정수제빵소', '02-949-5906', 'POSTING', null, null, null),
(600, '2023-04-05 15:00:00', '2023-04-05 15:00:00', '서울 강동구 동남로81길 88', null, null, 'https://www.instagram.com/forefore_/', null, 'PET,BOOKING', '월 정기휴무 (매주 월요일) 화 정기휴무 (매주 화요일)수 13:00 - 19:00 목 13:00 - 19:00 금 13:00 - 19:00 토 13:00 - 17:00 일 정기휴무 (매주 일요일)', 'https://d2a72lvyl71dvx.cloudfront.net/defaultImage/defaultBakery8.png', 37.558956, 127.15226, '포레포레', '0507-1327-1226', 'POSTING', null, null, null),
(700, '2023-04-05 15:00:00', '2023-04-05 15:00:00', '서울특별시 은평구 은평로3길 21 1층', null, null, null, null, 'PARKING', '월 09:00 - 21:00화 09:00 - 21:00 수 09:00 - 21:00 목 09:00 - 21:00 금 09:00 - 21:00 토 09:00 - 18:00 일 정기휴무 (매주 일요일) - 마지막주 토요일 휴무', 'https://d2a72lvyl71dvx.cloudfront.net/defaultImage/defaultBakery3.png', 37.6008447, 126.914991, '브레드82', '02-356-6882', 'POSTING', null, null, null),
(800, '2023-04-05 15:00:00', '2023-04-05 15:00:00', '서울특별시 관악구 난곡로43길 12, 1층 2호', null, null, 'http://instagram.com/seoradang', null, 'WIFI,PARKING', '월 정기휴무화 정기휴무수 정기휴무목 14:00 - 21:00금 14:00 - 21:00토 14:00 - 21:00일 14:00 - 21:00', 'https://d2a72lvyl71dvx.cloudfront.net/defaultImage/defaultBakery6.png', 37.4759769, 126.915265, '서라당', '0507-1323-9638', 'POSTING', null, null, null),
(900, '2023-04-05 15:00:00', '2023-04-05 15:00:00', '서울특별시 성동구 왕십리로 410, E동 104호', null, null, null, null, null, '월 정기휴무 (매주 월요일)화 10:00 - 22:00수 10:00 - 22:00목 10:00 - 22:00금 10:00 - 22:00토 10:00 - 22:00일 10:00 - 22:00', 'https://d2a72lvyl71dvx.cloudfront.net/defaultImage/defaultBakery8.png', 37.5666027, 127.024083, '몽쥬 빠티세리(Monge patisserie)', '02-6448-3241', 'POSTING', null, null, null),
(1000, '2023-04-05 15:00:00', '2023-04-05 15:00:00', '서울특별시 강남구 언주로 314, 강남프라자 1층 108호', null, null, 'https://www.instagram.com/mochimochi_gangnam/', null, 'PARKING', '매일 08:00 - 20:00', 'https://d2a72lvyl71dvx.cloudfront.net/defaultImage/defaultBakery3.png', 37.495879, 127.046483, '모찌모찌브레드 역삼점', '0507-1329-8070', 'POSTING', null, null, null),
(1100, '2023-04-05 15:00:00', '2023-04-05 15:00:00', '서울특별시 서대문구 연희맛로 7-29, 지하1층', null, null, 'http://www.instagram.com/lesoleil_official', null, 'WIFI', '월 정기휴무화 정기휴무수 12:00 - 19:00목 12:00 - 19:00금 12:00 - 19:00토 12:00 - 19:00일 12:00 - 19:00', 'https://d2a72lvyl71dvx.cloudfront.net/defaultImage/defaultBakery5.png', 37.5663689, 126.927985, '르솔레이', '0507-1315-6371', 'POSTING', null, null, null),
(1200, '2023-04-05 15:00:00', '2023-04-05 15:00:00', '서울특별시 마포구 창전로 45, 101동 1층 109호', null, null, null, null, null, '매일 11:00 - 19:00', 'https://d2a72lvyl71dvx.cloudfront.net/defaultImage/defaultBakery3.png', 37.5462603, 126.931899, '파이앤브라우니', '0507-1416-3132', 'POSTING', null, null, null);

insert into scored_bakery (id ,bakery_rating ,flag_count ,total_score,bakery_id) values
(100, 3.7,100, 103.7, 100),
(101, 4.9,20, 24.9, 200),
(102, 1.5,17, 18.5, 300),
(103, 3.2,1532, 1535.2, 500),
(104, 3.2,1532, 1535.2, 600),
(105, 0,0, 0, 700)
;
insert into review (id, created_at, modified_at, content, is_block, is_delete, is_hide, is_new  ,bakery_id, user_id )values
    (111,  '2023-01-01', '2023-01-01', '수원',  'N', 'N', 'N', 'N', 100, 112),
    (112,  '2023-01-02', '2023-01-01', '서울',  'N', 'N', 'N', 'N', 300, 112),
    (113,  '2023-01-03', '2023-01-01', '제주도', 'N', 'N', 'N', 'N', 700, 112)
;

insert into review_product_rating (id, created_at, modified_at, rating, bakery_id, product_id, review_id, user_id   )values
(111,  '2023-01-01', '2023-01-01', 4, 100, 5534, 111,112),
(112,  '2023-01-03', '2023-01-01', 3, 100, 5535 , 111, 112),
(113,  '2023-01-03', '2023-01-01', 2, 100, 5536 , 111, 112), -- 빵집 100 평균 평점 3

(114,  '2023-01-03', '2023-01-01', 4, 300, 1505 , 112, 112), -- 빵집 300 평균 평점 4

(115,  '2023-01-03', '2023-01-01', 4, 700, 5011 , 113, 112),
(116,  '2023-01-03', '2023-01-01', 2, 700, 5012 , 113, 112),
(117,  '2023-01-03', '2023-01-01', 1, 700, 5013 , 113, 112),
(118,  '2023-01-03', '2023-01-01', 3, 700, 5014 , 113, 112); -- 빵집 700 평균 평점 2.5


insert into product (id, created_at, modified_at, image, is_true, name, price, product_type,  bakery_id )values
(5534, '2023-04-05 15:00:00', '2023-04-05 15:00:00', null, 'Y', '녹차찰빵', '4000', 'BREAD', 100),
(5535, '2023-04-05 15:00:00', '2023-04-05 15:00:00', null, 'Y', '인절미빵', '4000', 'BREAD', 100),
(5536, '2023-04-05 15:00:00', '2023-04-05 15:00:00', null, 'Y', '앙버터', '4500', 'BREAD', 100),
(5537, '2023-04-05 15:00:00', '2023-04-05 15:00:00', null, 'Y', '카스테라', '1800', 'BREAD', 100),
(5538, '2023-04-05 15:00:00', '2023-04-05 15:00:00', null, 'Y', '바게트', '3800', 'BREAD', 100),
(5539, '2023-04-05 15:00:00', '2023-04-05 15:00:00', null, 'Y', '딸기쨈롤', '4800', 'BREAD', 100),
(5540, '2023-04-05 15:00:00', '2023-04-05 15:00:00', null, 'Y', '소금빵', '2300', 'BREAD', 100),
(5541, '2023-04-05 15:00:00', '2023-04-05 15:00:00', null, 'Y', '야채 왕큰빵', '4500', 'BREAD', 200),
(5542, '2023-04-05 15:00:00', '2023-04-05 15:00:00', null, 'Y', '체다 치즈 빰빠뉴', '7500', 'BREAD', 200),
(5543, '2023-04-05 15:00:00', '2023-04-05 15:00:00', null, 'Y', '흑임자 스콘', '3500', 'BREAD', 200),
(5544, '2023-04-05 15:00:00', '2023-04-05 15:00:00', null, 'Y', '초코 도넛', '2500', 'BREAD', 200),
(5545, '2023-04-05 15:00:00', '2023-04-05 15:00:00', null, 'Y', '레몬 스콘', '3500', 'BREAD', 200),
(5546, '2023-04-05 15:00:00', '2023-04-05 15:00:00', null, 'Y', '쑥 치아바타', '5000', 'BREAD', 200),
(1505, '2023-04-05 15:00:00', '2023-04-05 15:00:00', null, 'Y', '통 소세지빵', '4500', 'BREAD', 300),
(1506, '2023-04-05 15:00:00', '2023-04-05 15:00:00', null, 'Y', '메이플 시나몬 롤', '4000', 'BREAD', 300),
(1507, '2023-04-05 15:00:00', '2023-04-05 15:00:00', null, 'Y', '앙버터 바게트', '4500', 'BREAD', 300),
(1508, '2023-04-05 15:00:00', '2023-04-05 15:00:00', null, 'Y', '내안 바질', '5000', 'BREAD', 300),
(1509, '2023-04-05 15:00:00', '2023-04-05 15:00:00', null, 'Y', '메론카스테라', '5500', 'BREAD', 300),
(5290, '2023-04-05 15:00:00', '2023-04-05 15:00:00', null, 'Y', '식빵', '2000', 'BREAD', 500),
(3484, '2023-04-05 15:00:00', '2023-04-05 15:00:00', null, 'Y', '순우유딸기케이크 1호', '42000', 'BREAD', 600),
(3485, '2023-04-05 15:00:00', '2023-04-05 15:00:00', null, 'Y', '순우유딸기케이크 2호', '56000', 'BREAD', 600),
(5006, '2023-04-05 15:00:00', '2023-04-05 15:00:00', null, 'Y', '올리브 치아바타', '5000', 'BREAD', 700),
(5007, '2023-04-05 15:00:00', '2023-04-05 15:00:00', null, 'Y', '앙버터', '5500', 'BREAD', 700),
(5008, '2023-04-05 15:00:00', '2023-04-05 15:00:00', null, 'Y', '양파 베이글', '5000', 'BREAD', 700),
(5009, '2023-04-05 15:00:00', '2023-04-05 15:00:00', null, 'Y', '화이트롤', '4500', 'BREAD', 700),
(5010, '2023-04-05 15:00:00', '2023-04-05 15:00:00', null, 'Y', '치즈케이크', '14000', 'BREAD', 700),
(5011, '2023-04-05 15:00:00', '2023-04-05 15:00:00', null, 'Y', '모카빵', '5000', 'BREAD', 700),
(5012, '2023-04-05 15:00:00', '2023-04-05 15:00:00', null, 'Y', '우유식빵', '4000', 'BREAD', 700),
(5013, '2023-04-05 15:00:00', '2023-04-05 15:00:00', null, 'Y', '슈크림빵', '2000', 'BREAD', 700),
(5014, '2023-04-05 15:00:00', '2023-04-05 15:00:00', null, 'Y', '쇼콜라', '6000', 'BREAD', 700),
(5015, '2023-04-05 15:00:00', '2023-04-05 15:00:00', null, 'Y', '마늘바게트', '5500', 'BREAD', 700),
(5016, '2023-04-05 15:00:00', '2023-04-05 15:00:00', null, 'Y', '초코슈크림빵', '2000', 'BREAD', 700),
(5017, '2023-04-05 15:00:00', '2023-04-05 15:00:00', null, 'Y', '호두팥빵', '2000', 'BREAD', 700),
(5018, '2023-04-05 15:00:00', '2023-04-05 15:00:00', null, 'Y', '밤식빵', '7000', 'BREAD', 700),
(5019, '2023-04-05 15:00:00', '2023-04-05 15:00:00', null, 'Y', '시나몬식빵', '4800', 'BREAD', 700),
(5020, '2023-04-05 15:00:00', '2023-04-05 15:00:00', null, 'Y', '오징어먹물호두쌀식빵', '5000', 'BREAD', 700),
(5021, '2023-04-05 15:00:00', '2023-04-05 15:00:00', null, 'Y', '연유빵', '5800', 'BREAD', 700),
(5022, '2023-04-05 15:00:00', '2023-04-05 15:00:00', null, 'Y', '햄모닝빵', '4500', 'BREAD', 700),
(5023, '2023-04-05 15:00:00', '2023-04-05 15:00:00', null, 'Y', '피칸타르트', '17000', 'BREAD', 700),
(5024, '2023-04-05 15:00:00', '2023-04-05 15:00:00', null, 'Y', '호두곡물식빵', '5000', 'BREAD', 700),
(5025, '2023-04-05 15:00:00', '2023-04-05 15:00:00', null, 'Y', '마들렌', '1500', 'BREAD', 700),
(5026, '2023-04-05 15:00:00', '2023-04-05 15:00:00', null, 'Y', '옥수수야채빵', '6000', 'BREAD', 700),
(3205, '2023-04-05 15:00:00', '2023-04-05 15:00:00', null, 'Y', '바스크치즈케이크(그루텐프리)', '6000', 'BREAD', 800),
(3206, '2023-04-05 15:00:00', '2023-04-05 15:00:00', null, 'Y', '쌀케이크', '5500', 'BREAD', 800),
(3207, '2023-04-05 15:00:00', '2023-04-05 15:00:00', null, 'Y', '쌀버터쫀득바', '4500', 'BREAD', 800),
(3208, '2023-04-05 15:00:00', '2023-04-05 15:00:00', null, 'Y', '쌀치즈케이크', '6500', 'BREAD', 800),
(3209, '2023-04-05 15:00:00', '2023-04-05 15:00:00', null, 'Y', '쌀에그타르트', '3300', 'BREAD', 800),
(3210, '2023-04-05 15:00:00', '2023-04-05 15:00:00', null, 'Y', '쌀휘낭시에', '2300', 'BREAD', 800),
(3211, '2023-04-05 15:00:00', '2023-04-05 15:00:00', null, 'Y', '쌀낭시에러스크', '4000', 'BREAD', 800),
(3212, '2023-04-05 15:00:00', '2023-04-05 15:00:00', null, 'Y', '쌀마들렌', '2800', 'BREAD', 800),
(1, '2023-04-05 15:00:00', '2023-04-05 15:00:00', null, 'Y', '조각케이크', '7000', 'BREAD', 900),
(2, '2023-04-05 15:00:00', '2023-04-05 15:00:00', null, 'Y', '수제잼', '7000', 'BREAD', 900),
(3, '2023-04-05 15:00:00', '2023-04-05 15:00:00', null, 'Y', '패스튜리', '2300~4000', 'BREAD', 900),
(4, '2023-04-05 15:00:00', '2023-04-05 15:00:00', null, 'Y', '아메리카노', '3800', 'BEVERAGE', 900),
(5, '2023-04-05 15:00:00', '2023-04-05 15:00:00', null, 'Y', '까페라떼', '4300', 'BEVERAGE', 900),
(6, '2023-04-05 15:00:00', '2023-04-05 15:00:00', null, 'Y', '바닐라라떼', '4500', 'BEVERAGE', 900),
(7, '2023-04-05 15:00:00', '2023-04-05 15:00:00', null, 'Y', '한초코', '4000', 'BEVERAGE', 900),
(993, '2023-04-05 15:00:00', '2023-04-05 15:00:00', null, 'Y', '모찌 식빵', '4500', 'BREAD', 1000),
(994, '2023-04-05 15:00:00', '2023-04-05 15:00:00', null, 'Y', '모찌 우유식빵', '5000', 'BREAD', 1000),
(995, '2023-04-05 15:00:00', '2023-04-05 15:00:00', null, 'Y', '유기농 통밀 모찌식빵', '5500', 'BREAD', 1000),
(5573, '2023-04-05 15:00:00', '2023-04-05 15:00:00', null, 'Y', '트라디시옹 까눌레', '3600', 'BREAD', 1100),
(5574, '2023-04-05 15:00:00', '2023-04-05 15:00:00', null, 'Y', '로즈앤리치', '3500', 'BREAD', 1100),
(5575, '2023-04-05 15:00:00', '2023-04-05 15:00:00', null, 'Y', '트러플마들렌', '3900', 'BREAD', 1100),
(918, '2023-04-05 15:00:00', '2023-04-05 15:00:00', null, 'Y', '호두파이', '4000', 'BREAD', 1200),
(919, '2023-04-05 15:00:00', '2023-04-05 15:00:00', null, 'Y', '사과파이', '4000', 'BREAD', 1200),
(920, '2023-04-05 15:00:00', '2023-04-05 15:00:00', null, 'Y', '초코파이', '4000', 'BREAD', 1200);



